{"mean": [106.54214634146341, 16.146590243902438, 0.11345497804878049, 0.04814491219512195, 866.5029268292682, 91.18931707317074, 14.00730731707317, 642.9126829268291], "std": [33.36623553997849, 4.775977451310293, 0.06654846956152338, 0.039023196239904114, 546.8533426729826, 24.028185644780347, 3.4761715315189874, 338.7353050248945]}