{"mean": [0.11518672131147542, 106.85096018735364, 0.049314035128805625, 16.209306791569087, 91.78622950819673, 873.5658079625292, 14.095238875878222, 652.0117096018736], "std": [0.06567094232001107, 33.25451264442978, 0.03934189075583398, 4.796395020621665, 24.401712423012594, 562.8421574103354, 3.536855728551672, 352.84449535557303]}