{"mean": [107.75594847775176, 883.8126463700235, 16.355112412177984, 0.04887249648711944, 0.11407009601873537, 92.31156908665103, 14.181081967213116, 0.08848757306791569, 656.5142857142856, 39.362295081967204, 0.27174169086651057], "std": [32.41436210463375, 537.0381366583916, 4.675073984443657, 0.03933238575158713, 0.06490614855455723, 23.461538192407634, 3.398102968898787, 0.07903434263153479, 331.17099457527235, 34.52756976019207, 0.2073930922494461]}