{"mean": [106.97007025761124, 0.11259918266978922, 16.22066744730679, 0.048142489461358316, 873.6704918032787, 91.79337236533956, 14.102878220140516, 651.5646370023419], "std": [33.03645217511342, 0.06457564741453554, 4.753726319803581, 0.03815198893151028, 550.6092718868975, 23.93401821637375, 3.4686486983042197, 342.4938062960498]}