{"mean": [107.10114754098362, 16.235763466042155, 877.5316159250585, 0.11591971896955504, 0.05033473770491803, 91.89608899297423, 653.763700234192, 14.106182669789227, 0.09206574637002342], "std": [34.1344860481791, 4.882777404533454, 571.8922016633437, 0.0651065893407803, 0.03994599204908258, 24.700803492205864, 355.06038715335984, 3.5737861666640827, 0.08298155272381262]}