{
    "method": "z_score",
    "mean": [
        14.156013404825737,
        19.38182305630027,
        92.15227882037534,
        659.0924932975871,
        0.09627034852546916,
        0.10431117962466487,
        0.08985968016085791,
        0.048791450402144776,
        0.18066300268096516,
        0.0628128418230563,
        0.4078573726541555,
        1.213037801608579,
        2.8757576407506704,
        40.79533780160858,
        0.007078654155495978,
        0.02555888203753351,
        0.03285710348525469,
        0.011873469168900802,
        0.02069557908847185,
        0.0038122954423592498,
        16.325809651474533,
        25.726568364611257,
        107.60209115281502,
        891.7882037533512,
        0.13221034852546917,
        0.25119396782841824,
        0.2745505361930295,
        0.1143564128686327,
        0.28947721179624664,
        0.08377654155495978
    ],
    "std": [
        3.598596417972565,
        4.248417450293898,
        24.83154854450221,
        356.3770446587928,
        0.01363497714538626,
        0.0526597182759592,
        0.08105963309262725,
        0.039089000372468645,
        0.02657612513977598,
        0.006984373670570205,
        0.2701458029133582,
        0.5211600793450529,
        1.9638101185973724,
        43.99865582511267,
        0.003099435129019073,
        0.01798570234920304,
        0.0327812682011933,
        0.006259679364394632,
        0.008444059646329433,
        0.0026606895247543267,
        4.999610828148161,
        5.955729394512598,
        34.67387865587912,
        593.1615990114444,
        0.02194337308005633,
        0.14917024512404922,
        0.20798337810204118,
        0.06590833199115534,
        0.05843625881221818,
        0.016455395314487222
    ],
    "min": [
        7.691,
        10.38,
        47.92,
        170.4,
        0.05263,
        0.0265,
        0.0,
        0.0,
        0.1167,
        0.04996,
        0.1166,
        0.3628,
        0.7714,
        6.802,
        0.002826,
        0.003012,
        0.0,
        0.0,
        0.007882,
        0.0009502,
        8.678,
        14.1,
        54.49,
        223.6,
        0.08409,
        0.04327,
        0.0,
        0.0,
        0.1565,
        0.05504
    ],
    "max": [
        27.42,
        39.28,
        186.9,
        2501.0,
        0.1398,
        0.3454,
        0.4264,
        0.1913,
        0.2906,
        0.09575,
        2.547,
        3.568,
        18.65,
        542.2,
        0.03113,
        0.1354,
        0.396,
        0.05279,
        0.07895,
        0.02984,
        36.04,
        47.16,
        251.2,
        4254.0,
        0.2006,
        0.9327,
        1.252,
        0.291,
        0.544,
        0.1486
    ]
}