{
    "method": "z_score",
    "mean": [
        14.201271393643031,
        19.2018826405868,
        92.53119804400978,
        660.3709046454768,
        0.09668850855745723,
        0.1063675794621027,
        0.09079966503667482,
        0.0504053618581907,
        0.1817273838630807,
        0.0629261858190709,
        0.4061677261613692,
        1.1986691931540343,
        2.8747537897310513,
        40.580528117359414,
        0.006995713936430317,
        0.025910124694376525,
        0.031988662347188265,
        0.011995819070904646,
        0.02031900244498778,
        0.003786171882640587,
        16.361198044009782,
        25.553838630806847,
        107.89464547677262,
        889.6298288508557,
        0.13283310513447433,
        0.25797024449877753,
        0.2755273227383863,
        0.11691302933985331,
        0.2905283618581907,
        0.08432755501222494
    ],
    "std": [
        3.4945421381343147,
        4.316614303751432,
        24.23279479450246,
        347.89236624754164,
        0.01417052314268804,
        0.054783969839303455,
        0.08082476592498812,
        0.04001011743600788,
        0.027216520821465504,
        0.007009156855753191,
        0.26939884862967756,
        0.5282084851592357,
        1.9726163008943471,
        43.113515464655535,
        0.0028052466193597397,
        0.018516612074577592,
        0.027013067198458064,
        0.006047699851425914,
        0.0080016015721117,
        0.002490931279429978,
        4.811478437082475,
        6.027858526786089,
        33.626074859383834,
        569.8651752700329,
        0.02255034491175941,
        0.15780449095545535,
        0.20632445100949662,
        0.0660260485298687,
        0.0616954165872866,
        0.01808008427311024
    ],
    "min": [
        6.981,
        9.71,
        43.79,
        143.5,
        0.05263,
        0.01938,
        0.0,
        0.0,
        0.122,
        0.05024,
        0.1115,
        0.3602,
        0.757,
        6.802,
        0.001713,
        0.002252,
        0.0,
        0.0,
        0.007882,
        0.0008948,
        7.93,
        12.02,
        50.41,
        185.2,
        0.07117,
        0.02729,
        0.0,
        0.0,
        0.1565,
        0.05504
    ],
    "max": [
        27.42,
        39.28,
        186.9,
        2501.0,
        0.1447,
        0.3454,
        0.4268,
        0.2012,
        0.304,
        0.09744,
        2.547,
        4.885,
        18.65,
        542.2,
        0.02333,
        0.1354,
        0.3038,
        0.0409,
        0.07895,
        0.02286,
        36.04,
        47.16,
        251.2,
        4254.0,
        0.2098,
        1.058,
        1.252,
        0.291,
        0.6638,
        0.2075
    ]
}