{
    "method": "minmax",
    "mean": [
        14.00730731707317,
        19.318341463414637,
        91.18931707317074,
        642.9126829268291,
        0.09625334146341463,
        0.1047289268292683,
        0.08833757487804877,
        0.04814491219512195,
        0.1814629268292683,
        0.06301268292682927,
        0.39726560975609754,
        1.2331948780487805,
        2.8078456097560975,
        38.55778048780488,
        0.007046121951219513,
        0.025707660975609756,
        0.032315167317073165,
        0.011634241463414635,
        0.020564465853658537,
        0.0038018568292682926,
        16.146590243902438,
        25.723439024390245,
        106.54214634146341,
        866.5029268292682,
        0.13222958536585366,
        0.25659285365853657,
        0.27329848048780486,
        0.11345497804878049,
        0.2911041463414634,
        0.08426641463414633
    ],
    "scale": [
        3.4761715215189875,
        4.191875438068358,
        24.028185634780346,
        338.7353050148945,
        0.013940887234441098,
        0.05391774034328918,
        0.08091367055919493,
        0.03902318623990411,
        0.028470310444382654,
        0.00713254964996534,
        0.2397506204630826,
        0.565809066776891,
        1.727839291432311,
        34.8059897391605,
        0.00308484677798825,
        0.017831516334840865,
        0.03275118007461053,
        0.0062026512236841936,
        0.008422815798222424,
        0.002711987978589569,
        4.775977441310293,
        5.8868617360984885,
        33.36623552997849,
        546.8533426629826,
        0.022519660214344754,
        0.15744291284393674,
        0.21307751608523715,
        0.06654845956152339,
        0.06387502742973436,
        0.01822146705222704
    ],
    "min": [
        6.981,
        10.38,
        43.79,
        143.5,
        0.05263,
        0.01938,
        0.0,
        0.0,
        0.106,
        0.04996,
        0.1115,
        0.3628,
        0.7714,
        6.802,
        0.001713,
        0.002252,
        0.0,
        0.0,
        0.007882,
        0.0008948,
        7.93,
        12.49,
        50.41,
        185.2,
        0.07117,
        0.02729,
        0.0,
        0.0,
        0.1565,
        0.05504
    ],
    "max": [
        27.22,
        39.28,
        182.1,
        2250.0,
        0.1447,
        0.3454,
        0.4268,
        0.2012,
        0.304,
        0.09744,
        1.509,
        4.885,
        11.07,
        233.0,
        0.03113,
        0.1064,
        0.396,
        0.05279,
        0.07895,
        0.02984,
        33.13,
        45.41,
        229.3,
        3234.0,
        0.2226,
        1.058,
        1.252,
        0.291,
        0.6638,
        0.2075
    ]
}