{
    "method": "z_score",
    "mean": [
        14.093889975550121,
        19.28518337408313,
        91.73440097799512,
        651.382151589242,
        0.0960345965770171,
        0.10398584352078238,
        0.08759384596577016,
        0.04854508557457213,
        0.18048801955990218,
        0.06271457212713936,
        0.4015388753056235,
        1.2098339853300732,
        2.8504931540342304,
        39.89681662591687,
        0.007102513447432763,
        0.02580464792176039,
        0.03159277726161369,
        0.011966195599022005,
        0.02051733985330073,
        0.003803498288508557,
        16.214193154034227,
        25.584352078239608,
        106.94611246943765,
        876.0080684596577,
        0.13218865525672374,
        0.25414308068459657,
        0.2710130855745721,
        0.11468032273838631,
        0.28901466992665037,
        0.08380161369193155
    ],
    "std": [
        3.488804588585075,
        4.26358946634442,
        24.048548923495762,
        347.42744372680085,
        0.013758102299062895,
        0.05177996982564028,
        0.07634952982723177,
        0.038196259551700126,
        0.026143883954091375,
        0.006950275706501644,
        0.26515293456561917,
        0.5289108038038641,
        1.921498684319264,
        43.16547825316621,
        0.0030227665036177934,
        0.017639003702917638,
        0.023575760116021954,
        0.00591940167182884,
        0.007782968624545592,
        0.0024691633288365916,
        4.855039583143434,
        5.894760023049424,
        33.83653513328428,
        577.633425019866,
        0.022434733362085037,
        0.15844559033659109,
        0.20571701191396824,
        0.06546927885947688,
        0.06117822318944228,
        0.018096546627491838
    ],
    "min": [
        7.691,
        9.71,
        47.92,
        170.4,
        0.05263,
        0.02344,
        0.0,
        0.0,
        0.1167,
        0.04996,
        0.1115,
        0.4064,
        0.7714,
        6.802,
        0.001713,
        0.003012,
        0.0,
        0.0,
        0.007882,
        0.0008948,
        8.678,
        12.02,
        54.49,
        223.6,
        0.07117,
        0.02729,
        0.0,
        0.0,
        0.1565,
        0.05504
    ],
    "max": [
        27.42,
        39.28,
        186.9,
        2501.0,
        0.1634,
        0.2839,
        0.4264,
        0.1913,
        0.304,
        0.09744,
        2.547,
        4.885,
        18.65,
        542.2,
        0.03113,
        0.1354,
        0.1535,
        0.0409,
        0.05963,
        0.02286,
        36.04,
        47.16,
        251.2,
        4254.0,
        0.2184,
        1.058,
        1.17,
        0.291,
        0.6638,
        0.2075
    ]
}