{
    "method": "z_score",
    "mean": [
        14.008039119804403,
        19.146381418092908,
        91.18017114914426,
        641.7621026894865,
        0.09703383863080683,
        0.10570261613691932,
        0.08913721026894865,
        0.04916753056234719,
        0.18208361858190708,
        0.06311689486552567,
        0.40082298288508555,
        1.2092024449877752,
        2.821358924205379,
        38.864684596577014,
        0.007088315403422983,
        0.025527073349633254,
        0.0318781684596577,
        0.011877647921760392,
        0.020805689486552568,
        0.0038638630806845965,
        16.100110024449876,
        25.396772616136918,
        106.01107579462102,
        857.7992665036676,
        0.13297987775061124,
        0.2553788019559902,
        0.27188812224938874,
        0.11514222982885085,
        0.291479217603912,
        0.0845436674816626
    ],
    "std": [
        3.435661088260026,
        4.185436400115311,
        23.620129447774673,
        334.2693056660948,
        0.014135360079613005,
        0.05303016426992925,
        0.07918391958226464,
        0.03796273436328165,
        0.027964053954250476,
        0.007269053566104252,
        0.2639189141791813,
        0.5513477810256824,
        1.9366575862377786,
        40.88607954575484,
        0.0028218351327917086,
        0.017766128614052364,
        0.031711607500642794,
        0.0062039153658202785,
        0.00819120587675083,
        0.0027487415926404015,
        4.688182073485819,
        6.025825865311288,
        32.47426890849053,
        532.857691222353,
        0.022757175707792125,
        0.16155826494764147,
        0.21320744613456216,
        0.06619731441805127,
        0.06410120728906729,
        0.018805829592107276
    ],
    "min": [
        6.981,
        9.71,
        43.79,
        143.5,
        0.05263,
        0.02344,
        0.0,
        0.0,
        0.106,
        0.04996,
        0.1115,
        0.3871,
        0.7714,
        6.802,
        0.001713,
        0.003012,
        0.0,
        0.0,
        0.009947,
        0.001002,
        7.93,
        12.02,
        50.41,
        185.2,
        0.07117,
        0.02729,
        0.0,
        0.0,
        0.1566,
        0.05521
    ],
    "max": [
        28.11,
        39.28,
        188.5,
        2499.0,
        0.1634,
        0.3114,
        0.4264,
        0.1913,
        0.304,
        0.09744,
        2.873,
        4.885,
        21.98,
        525.6,
        0.02177,
        0.1354,
        0.396,
        0.05279,
        0.06146,
        0.02984,
        33.13,
        49.54,
        229.3,
        3234.0,
        0.2184,
        1.058,
        1.252,
        0.291,
        0.6638,
        0.2075
    ]
}