{
    "method": "z_score",
    "mean": [
        13.947359249329757,
        19.23469168900804,
        90.6866487935657,
        638.7201072386058,
        0.09590680965147454,
        0.10063680965147452,
        0.08414017077747989,
        0.0466477399463807,
        0.17998203753351205,
        0.06269616621983913,
        0.4009544235924932,
        1.2284426273458446,
        2.8201286863270774,
        39.542348525469166,
        0.00718032707774799,
        0.024657501340482568,
        0.03104591313672922,
        0.011518978552278819,
        0.020438573726541558,
        0.0038554587131367293,
        16.04693833780161,
        25.530428954423595,
        105.69447721179625,
        860.958981233244,
        0.1313487667560322,
        0.24176528150134047,
        0.25459762734584446,
        0.10929230831099195,
        0.2858670241286863,
        0.08325088471849866
    ],
    "std": [
        3.44904744741681,
        4.4643777699442895,
        23.766653938652297,
        341.38383482351486,
        0.014195015088422778,
        0.05186731212721138,
        0.07943308452948385,
        0.0378553924382452,
        0.027605744518721238,
        0.007146642327847624,
        0.2670250158738236,
        0.5679054238470699,
        1.9035962214937825,
        44.12031561849159,
        0.003224705171425444,
        0.017627301016130317,
        0.03351620756038476,
        0.0063036700633548794,
        0.008276723013837152,
        0.0029331961158903007,
        4.816722983991166,
        6.24144972920269,
        33.58330940868236,
        575.2431866261608,
        0.022675688167459202,
        0.14952387412102244,
        0.20307907799174293,
        0.06488646986939094,
        0.058811500224909344,
        0.01775409328689565
    ],
    "min": [
        7.729,
        9.71,
        47.92,
        178.8,
        0.05263,
        0.01938,
        0.0,
        0.0,
        0.1203,
        0.04996,
        0.1115,
        0.3602,
        0.7714,
        6.802,
        0.001713,
        0.002252,
        0.0,
        0.0,
        0.007882,
        0.0008948,
        8.952,
        12.02,
        56.65,
        240.1,
        0.07117,
        0.02729,
        0.0,
        0.0,
        0.1565,
        0.05504
    ],
    "max": [
        27.42,
        39.28,
        186.9,
        2501.0,
        0.1634,
        0.3454,
        0.4268,
        0.2012,
        0.304,
        0.09575,
        2.547,
        4.885,
        18.65,
        542.2,
        0.03113,
        0.1064,
        0.396,
        0.05279,
        0.07895,
        0.02984,
        36.04,
        49.54,
        251.2,
        4254.0,
        0.2006,
        1.058,
        1.252,
        0.2756,
        0.5774,
        0.2075
    ]
}