{
  "selected_indices": [
    22,
    20,
    23,
    7,
    27,
    2,
    0,
    6,
    3,
    13
  ],
  "feature_names": [
    "Concave points se",
    "Concavity worst",
    "Concave points worst",
    "Perimeter se",
    "Fractal dimension mean",
    "Radius worst",
    "Radius mean",
    "Perimeter mean",
    "Texture mean",
    "Smoothness se"
  ],
  "scores": {
    "combined": {
      "22": 0.8632578786374232,
      "20": 0.8489222267458544,
      "23": 0.8485712263128858,
      "7": 0.8345037214891219,
      "27": 0.8334041993094599,
      "2": 0.7848834663476056,
      "0": 0.7602805317806439,
      "6": 0.7560821599507085,
      "3": 0.7468573073047119,
      "13": 0.7342943454627159
    },
    "pearson": {
      "22": 0.78826357060055,
      "20": 0.7811368606119359,
      "23": 0.749953386902424,
      "7": 0.7739248435967434,
      "27": 0.7910370195495244,
      "2": 0.7439007769333923,
      "0": 0.7296481532259694,
      "6": 0.7111946813871973,
      "3": 0.7182414136052131,
      "13": 0.6661399794938573
    },
    "spearman": {
      "22": 0.8035133846024847,
      "20": 0.796409014290942,
      "23": 0.7957602920362336,
      "7": 0.7813186552805301,
      "27": 0.7841585720000415,
      "2": 0.7565080092968806,
      "0": 0.7396926892010292,
      "6": 0.7447284702355026,
      "3": 0.7417270233138138,
      "13": 0.7316447449409843
    },
    "mutual_info": {
      "22": 0.9979966807092349,
      "20": 0.9692208053346851,
      "23": 1.0,
      "7": 0.9482676655900919,
      "27": 0.9250170063788136,
      "2": 0.854241612812544,
      "0": 0.8115007529149332,
      "6": 0.8123233282294255,
      "3": 0.780603484995109,
      "13": 0.8050983119533057
    }
  }
}